INSERT INTO alumnos (Identificador, nombre, apellidos) VALUES
(1, 'María', 'Gómez Herrera'),
(2, 'Juan', 'Pérez Sánchez'),
(3, 'Lucía', 'Martínez Díaz'),
(4, 'Carlos', 'Ruiz Fernández'),
(5, 'Sofía', 'López Cano'),
(6, 'Andrés', 'Castro Molina'),
(7, 'Elena', 'Serrano Torres'),
(8, 'Diego', 'Navarro Gil'),
(9, 'Paula', 'Iglesias Romero'),
(10, 'Javier', 'Ramírez Núñez'),
(11, 'Alicia', 'Morales Trujillo'),
(12, 'Miguel', 'Santos Varela'),
(13, 'Laura', 'Delgado Rivas'),
(14, 'Héctor', 'Carmona Ortiz'),
(15, 'Claudia', 'Rey Domínguez');

INSERT INTO profesores (Identificador, nombre, apellidos) VALUES
(1, 'Ana', 'López Serrano'),
(2, 'Roberto', 'Martín Aguilar'),
(3, 'Isabel', 'Crespo Márquez'),
(4, 'Fernando', 'Soto Infante'),
(5, 'Patricia', 'Herrera Pardo'),
(6, 'Jorge', 'Benítez Corral'),
(7, 'Rosa', 'Montoya Luque'),
(8, 'Alberto', 'Campos Luján'),
(9, 'Beatriz', 'Aranda Suárez'),
(10, 'Sergio', 'Caballero Bravo');

INSERT INTO asignaturas (Identificador, nombre, id_profesor) VALUES
(1, 'Composición Musical I', 1),
(2, 'Armonía Clásica', 2),
(3, 'Historia de la Música', 3),
(4, 'Composición Electrónica', 4),
(5, 'Orquestación y Arreglos', 5),
(6, 'Contrapunto', 6),
(7, 'Producción Musical', 7),
(8, 'Composición Contemporánea', 8),
(9, 'Lenguaje Musical Avanzado', 9),
(10, 'Improvisación y Creatividad', 10),
(11, 'Análisis Musical', 3),
(12, 'Instrumentación', 5),
(13, 'Grabación y Mezcla', 7);

INSERT INTO matriculas (Identificador, id_asignatura, id_alumno) VALUES
(1, 1, 1),
(2, 3, 1),
(3, 5, 1),
(4, 2, 2),
(5, 4, 2),
(6, 7, 2),
(7, 1, 3),
(8, 6, 3),
(9, 9, 3),
(10, 3, 4),
(11, 8, 4),
(12, 10, 4),
(13, 2, 5),
(14, 5, 5),
(15, 11, 5),
(16, 4, 6),
(17, 7, 6),
(18, 12, 6),
(19, 1, 7),
(20, 6, 7),
(21, 13, 7),
(22, 3, 8),
(23, 5, 8),
(24, 10, 8),
(25, 2, 9),
(26, 8, 9),
(27, 9, 9),
(28, 4, 10),
(29, 12, 10),
(30, 13, 10),
(31, 1, 11),
(32, 3, 11),
(33, 7, 11),
(34, 2, 12),
(35, 5, 12),
(36, 11, 12),
(37, 4, 13),
(38, 6, 13),
(39, 9, 13),
(40, 3, 14),
(41, 8, 14),
(42, 13, 14),
(43, 2, 15),
(44, 7, 15),
(45, 12, 15);
